rmse,mae,r2,pearson,spearman
0.019328145392150036,0.011570877395570278,-0.5585931539535522,-0.005432941950857639,0.43596492633305417
