rmse,mae,r2,pearson,spearman
0.03711895599409641,0.03343901038169861,-4.748359203338623,0.06322067230939865,0.05672033457681758
