rmse,mae,r2,pearson,spearman
0.019291569399322417,0.011530621908605099,-0.5526999235153198,0.011346101760864258,0.4226707194576801
