epoch,train_loss,val_loss
1,0.0020240196026861668,0.0013249899493530393
2,0.0015324357664212584,0.0011085253208875656
3,0.0012452120427042246,0.001066610449925065
4,0.0011284856591373682,0.0010980641236528754
5,0.0011163366725668311,0.0011309463297948241
6,0.0011447755387052894,0.001142605091445148
7,0.0011783434310927987,0.0011337861651554704
8,0.0011976175010204315,0.001110514742322266
9,0.001201735227368772,0.0010800010059028864
10,0.0011926630977541208,0.001049688900820911
11,0.0011687834048643708,0.0010263340082019567
12,0.0011374991154298186,0.001014920067973435
13,0.0011089736362919211,0.001016891561448574
14,0.0010855052387341857,0.0010293039958924055
15,0.001070522703230381,0.001047991099767387
16,0.0010633337078616023,0.0010682917200028896
17,0.0010627727024257183,0.0010854500578716397
18,0.0010668584145605564,0.0010956117184832692
19,0.0010722404113039374,0.0010970927542075515
20,0.0010720022255554795,0.001089779892936349
21,0.001069967751391232,0.0010751538211479783
22,0.0010624413844197989,0.0010551671730354428
