rmse,mae,r2,pearson,spearman,bin_low,bin_high,count
0.024647083466317384,0.0069412714801728725,-75.42427825927734,0.01435251533985138,0.2955273091495577,0.0,0.01,37982
0.024076988751159045,0.015438234433531761,-5.793131351470947,0.0024362646508961916,0.11767704252434304,0.01,0.05,20513
0.059723966625054255,0.0581163689494133,-20.52219581604004,0.05363965034484863,0.1794123086389953,0.05,0.1,1329
0.1131501137600667,0.11195103824138641,-64.8134765625,-0.00010269880294799805,0.08588423769191562,0.1,0.25,291
