rmse,mae,r2,pearson,spearman
0.02715693244855752,0.0205652117729187,-2.0769031047821045,0.3152136504650116,0.4463885107572008
