rmse,mae,r2,pearson,spearman
0.01910754024815402,0.011304069310426712,-0.5232176780700684,0.18334126472473145,0.39212969248758023
