rmse,mae,r2,pearson,spearman
0.018557396176539794,0.014792894944548607,-0.43676745891571045,0.2668484151363373,0.3931644764795983
