rmse,mae,r2,pearson,spearman
0.01932822896245984,0.011571157723665237,-0.5586066246032715,0.09507955610752106,0.4052062665689001
