rmse,mae,r2,pearson,spearman
0.01932014129570915,0.011560686863958836,-0.5573024749755859,0.01967393234372139,0.43430265492749787
