rmse,mae,r2,pearson,spearman
0.019322906845286068,0.011564611457288265,-0.5577483177185059,0.17940571904182434,0.3937543179485159
