rmse,mae,r2,pearson,spearman,regression_ece
0.030351891879463272,0.02769353985786438,-2.8434739112854004,0.26948821544647217,0.41523741850828605,0.05578123777150453
