rmse,mae,r2,pearson,spearman,bin_low,bin_high,count
0.004482727027408471,0.003422427922487259,-1.528045415878296,-0.0022814308758825064,0.31810260488033615,0.0,0.01,37982
0.02349624498775258,0.021550344303250313,-5.469378471374512,-0.008841073140501976,0.11300502257277541,0.01,0.05,20513
0.06636831658689996,0.06510595977306366,-25.577301025390625,0.04616202786564827,0.186967326915878,0.05,0.1,1329
0.12337381207769636,0.12256576120853424,-77.24395751953125,-0.025375835597515106,0.14510764415116756,0.1,0.25,291
