feature_set,num_features,rmse,mae,r2,pearson,spearman
all_features,171,0.019291569399322417,0.011530621908605099,-0.5526999235153198,0.011346101760864258,0.4226707194576801
raw_only,7,0.019322906845286068,0.011564611457288265,-0.5577483177185059,0.17940571904182434,0.3937543179485159
raw_plus_degree,8,0.01932822896245984,0.011571157723665237,-0.5586066246032715,0.09507955610752106,0.4052062665689001
