rmse,mae,r2,pearson,spearman,bin_low,bin_high,count
0.005524815329765377,0.002777434652671218,-2.840040683746338,0.06514059752225876,0.326681140939814,0.0,0.01,37982
0.021790143814351435,0.01958479918539524,-4.563983917236328,0.004355582408607006,0.10598142617468853,0.01,0.05,20513
0.06461495976141361,0.06334831565618515,-24.19158172607422,0.15687498450279236,0.1644740190841193,0.05,0.1,1329
0.1209785043771822,0.12017688900232315,-74.23523712158203,0.08152010291814804,0.12917174595440137,0.1,0.25,291
