rmse,mae,r2,pearson,spearman
0.019327442182618063,0.011570178903639317,-0.5584796667098999,0.15027852356433868,0.3999998835934987
