rmse,mae,r2,pearson,spearman
0.01929092520377556,0.011548621580004692,-0.5525960922241211,0.0013992349850013852,0.40670930541498646
