rmse,mae,r2,pearson,spearman
0.018559470156354462,0.010419976897537708,-0.43708860874176025,0.06660659611225128,0.4139150069082193
