rmse,mae,r2,pearson,spearman
0.026878653618601464,0.011480367742478848,-2.0141677856445312,0.028441142290830612,0.4038586936848179
