rmse,mae,r2,pearson,spearman,bin_low,bin_high,count
0.04385546267500839,0.03914662450551987,-240.9622802734375,0.28505730628967285,0.2723236514294633,0.0,0.01,37982
0.03258365153416105,0.028765417635440826,-11.441282272338867,0.038391172885894775,-0.03501052445185225,0.01,0.05,20513
0.022845524770737265,0.017142528668045998,-2.149137258529663,-0.10432177782058716,-0.09241567173217909,0.05,0.1,1329
0.07584189195836467,0.07323881983757019,-28.56808090209961,0.008546564728021622,0.0059065607797917615,0.1,0.25,291
