rmse,mae,r2,pearson,spearman,bin_low,bin_high,count
0.027917055502902577,0.020755944773554802,-97.04816436767578,0.3099290430545807,0.3641571397166548,0.0,0.01,37982
0.02352286602573699,0.018989259377121925,-5.484046459197998,0.12473055720329285,0.07949981679513322,0.01,0.05,20513
0.03147953086402142,0.02593926340341568,-4.9792375564575195,-0.08535386621952057,-0.08246859167063526,0.05,0.1,1329
0.08425298694662814,0.08221805095672607,-35.490135192871094,0.1275477409362793,0.15432223140523205,0.1,0.25,291
