model,split_type,data_split,rmse,mae,r2,pearson,spearman,ece_reg,coverage_95
gcn,spatial,train,0.04007774612645505,0.028123488649725914,-0.4632457494735718,0.13104328513145447,0.11573787697498866,,
gcn,spatial,val,0.03237195523753176,0.022692760452628136,-1.5785300731658936,0.15106433629989624,0.15333424250697214,,
gcn,spatial,test,0.04585750509816933,0.031936321407556534,-0.28819477558135986,0.10316810756921768,0.04410948461411081,,
