split,high_risk_threshold,tail_rmse
val,0.1,0.13118232786655426
test,0.1,0.12345797568559647
