rmse,mae,r2,pearson,spearman,tail_rmse,split
0.04473096511444824,0.030608464032411575,-0.8724331681232578,-0.06174180656671524,-0.10770381584760971,0.13118232786655426,val
0.019309551425273096,0.011622442863881588,-0.5555958263831959,-0.07222408801317215,-0.16777739656423707,0.12345797568559647,test
