rmse,mae,r2,pearson,spearman,bin_low,bin_high,count
0.7357441739348433,0.630283534526825,-65853.4375,-0.015246402472257614,0.0026871908859701444,0.0,0.01,115
0.646020267463894,0.5494774580001831,-3152.136474609375,0.004989982582628727,-0.0015075093029260982,0.01,0.05,448
0.5628025248065565,0.4700774550437927,-1540.0579833984375,0.018017306923866272,0.01528325931407717,0.05,0.1,580
0.5406963632042591,0.45342886447906494,-151.35748291015625,0.015317653305828571,0.028186477378710325,0.1,0.25,1962
