count,mean,std,min,q25,median,q75,max,split,run_name
199167,0.02810792624950409,0.03641991689801216,2.3405966203426942e-05,0.004315738333389163,0.01465003751218319,0.03650056943297386,0.24930262565612793,train,gnn_recovery_v1
40718,0.03074834868311882,0.03268926218152046,3.5173197829863057e-05,0.0073148105293512344,0.020010055974125862,0.04284156486392021,0.19790324568748474,val,gnn_recovery_v1
60115,0.011571160517632961,0.01548188365995884,3.058103902731091e-05,0.001771385781466961,0.005968183744698763,0.01617689896374941,0.151124507188797,test,gnn_recovery_v1
