rmse,mae,r2,pearson,spearman
0.7313570547397756,0.6076628565788269,-0.32016170024871826,0.3670424222946167,0.4589933242939982
