rmse,mae,r2,pearson,spearman
0.04021005346754276,0.03528282046318054,-5.745616912841797,0.2116033136844635,0.2556657523263007
