rmse,mae,r2,pearson,spearman,bin_low,bin_high,count
0.23107528078816808,0.22993475198745728,-6494.8857421875,0.029155394062399864,0.084703729160404,0.0,0.01,115
0.20243169684894455,0.20057961344718933,-308.60467529296875,0.06216169148683548,0.025880566841616087,0.01,0.05,448
0.15768142913112046,0.15512101352214813,-119.9673080444336,0.08643697202205658,0.07116223316085028,0.05,0.1,580
0.07632751946809405,0.06424479186534882,-2.0361220836639404,0.04524622857570648,0.09427788089091027,0.1,0.25,1962
