rmse,mae,r2,pearson,spearman
0.918909540402392,0.7734667062759399,-1.0840768814086914,0.2625962495803833,0.25769388680971195
